
---CREATE DATABASE DB_NAME
---  USE DB_NAME


----TAO BANG---
CREATE TABLE KHACHHANG
(
	MAKH char(4),
	HOTEN varchar(40),
	DCHI varchar(50),
	SODT varchar(20),
	NGSINH smalldatetime,
	DOANHSO money,
	NGDK smalldatetime,
	
)

CREATE TABLE NHANVIEN
(
	MANV char(4),
	HOTEN varchar(40),
	SODT varchar(20),
	NGVL smalldatetime,
)

CREATE TABLE SANPHAM
(
	MASP char(4),
	TENSP varchar(40),
	DVT varchar(20),
	NUOCSX varchar(40),
	GIA money,
)


CREATE TABLE HOADON
(
	SOHD char(4),
	NGHD smalldatetime,
	MAKH char(4),
	MANV char(4),
	TRIGIA money,
)

CREATE TABLE CTHD
(
	SOHD int,
	MASP char(4),
	SL int,
)

---chinh khoa chinh thanh not null  trc khi dat khoa chinh
ALTER TABLE KHACHHANG ALTER COLUMN MAKH char(4) not null 

---them khoa chinh---
ALTER TABLE KHACHHANG ADD
CONSTRAINT PK_KH PRIMARY KEY (MAKH)

ALTER TABLE NHANVIEN ALTER COLUMN MANV char(4) not null 
ALTER TABLE NHANVIEN ADD
CONSTRAINT PK_NV PRIMARY KEY (MANV)

ALTER TABLE SANPHAM ALTER COLUMN MASP char(4) not null 
ALTER TABLE SANPHAM ADD
CONSTRAINT PK_SP PRIMARY KEY (MASP)

ALTER TABLE HOADON ALTER COLUMN SOHD int not null 
ALTER TABLE HOADON ADD
CONSTRAINT PK_HD PRIMARY KEY (SOHD)

ALTER TABLE CTHD ALTER COLUMN SOHD int not null  
ALTER TABLE CTHD ALTER COLUMN MASP char(4) not null  
ALTER TABLE CTHD ADD
CONsTRAINT PK_CTHD PRIMARY KEY (SOHD,MASP)

																			
---RANG BUOC KHOA NGOAI---
ALTER TABLE HOADON ADD 
CONSTRAINT FK_HD_KH FOREIGN KEY (MAKH) REFERENCES KHACHHANG(MAKH),
CONSTRAINT FK_HD_NV FOREIGN KEY (MANV) REFERENCES NHANVIEN(MANV)

ALTER TABLE CTHD ADD 
CONSTRAINT FK_CTHD_HD FOREIGN KEY (SOHD) REFERENCES HOADON(SOHD),
CONSTRAINT FK_CTHD_SP FOREIGN KEY (MASP) REFERENCES SANPHAM(MASP)


-----CAU 2------
ALTER TABLE SANPHAM ADD GHICHU varchar(20)

----CAU 3 -----
ALTER TABLE KHACHHANG ADD LOAIKH tinyint

----CAU 4----
ALTER TABLE SANPHAM ALTER COLUMN GHICHU varchar(100)

----CAU 5----
ALTER TABLE SANPHAM DROP COLUMN GHICHU

---CAU 6-----chuyen tinyint sang varchar de luu
ALTER TABLE KHACHHANG ALTER COLUMN LOAIKH varchar(20)

----CAU 7----
ALTER TABLE SANPHAM ADD CONSTRAINT KT_DVT CHECK(DVT='cay' OR DVT='hop' OR DVT='cai' OR DVT='quyen' OR DVT='chuc')  

----CAU 8-----
ALTER TABLE SANPHAM ADD CONSTRAINT KT_GIA CHECK(GIA>500)

----CAU 9-----
-----CAU 10----
ALTER TABLE KHACHHANG ADD CONSTRAINT KT_NGAY CHECK(NGDK>NGSINH)
 

----PHAN 2 --CAU 1 -----NHAP LIEU---
INSERT INTO NHANVIEN VALUES('NV01','Nguyen Nhu Nhut','0927345678','4/13/2006')
INSERT INTO NHANVIEN VALUES('NV02','Le Thi Phi Yen','0987567390','4/21/2006')
INSERT INTO NHANVIEN VALUES('NV03','Nguyen Van B','0997047382','4/27/2006')
INSERT INTO NHANVIEN VALUES('NV04','Ngo Thanh Tuan','0913758498','6/24/2006')
INSERT INTO NHANVIEN VALUES('NV05','Nguyen Thi Truc Thanh','0918590387','7/20/2006')

set dateformat dmy

SELECT *FROM KHACHHANG

INSERT INTO KHACHHANG(MAKH,HOTEN,DCHI,SODT,NGSINH,NGDK,DOANHSO) VALUES('KH01','Nguyen Van A','731 Tran Hung Dao, Q5, TpHCM','8823451','22/10/1960','22/07/2006',13060000)
INSERT INTO KHACHHANG(MAKH,HOTEN,DCHI,SODT,NGSINH,NGDK,DOANHSO) VALUES('KH02','Tran Ngoc Han','23/5 Nguyen Trai, Q5, TpHCM','908256478','3/4/1974','30/07/2006',280000)
INSERT INTO KHACHHANG(MAKH,HOTEN,DCHI,SODT,NGSINH,NGDK,DOANHSO) VALUES('KH03','Tran Ngoc Linh','45 Nguyen Canh Chan, Q1, TpHCM','938776266','12/6/1980','05/08/2006',3860000)
INSERT INTO KHACHHANG(MAKH,HOTEN,DCHI,SODT,NGSINH,NGDK,DOANHSO) VALUES('KH04','Tran Minh Long','50/34 Le Dai Hanh, Q10, TpHCM','917325476','9/3/1965','02/10/2006',250000)
INSERT INTO KHACHHANG(MAKH,HOTEN,DCHI,SODT,NGSINH,NGDK,DOANHSO) VALUES('KH05','Le Nhat Minh','34 Truong Dinh, Q3, TpHCM','8246108','10/3/1950','28/10/2006',21000)
INSERT INTO KHACHHANG(MAKH,HOTEN,DCHI,SODT,NGSINH,NGDK,DOANHSO) VALUES('KH06','Le Hoai Thuong','227 Nguyen Van Cu, Q5, TpHCM','8631738','31/12/1981','24/11/2006',915000)
INSERT INTO KHACHHANG(MAKH,HOTEN,DCHI,SODT,NGSINH,NGDK,DOANHSO) VALUES('KH07','Nguyen Van Tam','32/3 Tran Binh Trong, Q5, TpHCM','916783565','6/4/1971','01/12/2006',12500)
INSERT INTO KHACHHANG(MAKH,HOTEN,DCHI,SODT,NGSINH,NGDK,DOANHSO) VALUES('KH08','Phan Thi Thanh','45/2 An Duong Vuong, Q5, TpHCM','938435756','10/1/1971','13/12/2006',365000)
INSERT INTO KHACHHANG(MAKH,HOTEN,DCHI,SODT,NGSINH,NGDK,DOANHSO) VALUES('KH09','Le Ha Vinh','873 Le Hong Phong, Q5, TpHCM','8654763','3/9/1979','14/01/2007',70000)
INSERT INTO KHACHHANG(MAKH,HOTEN,DCHI,SODT,NGSINH,NGDK,DOANHSO) VALUES('KH10','Ha Duy Lap','34/34B Nguyen Trai, Q1, TpHCM','8768904','2/5/1983','16/01/2007',67500)

SELECT *FROM SANPHAM;

---EXEC sp_rename 'SANPHAM.HOTEN', 'TENSP', 'COLUMN';--DOI TEN COT 

INSERT INTO SANPHAM VALUES('BC01','But chi','cay','Singapore',3000)
INSERT INTO SANPHAM VALUES('BC02','But chi','cay','Singapore',5000)
INSERT INTO SANPHAM VALUES('BC03','But chi','cay','Viet Nam',3500)
INSERT INTO SANPHAM VALUES('BC04','But chi','hop','Viet Nam',30000)
INSERT INTO SANPHAM VALUES('BB01','But bi','cay','Viet Nam',5000)
INSERT INTO SANPHAM VALUES('BB02','But bi','cay','Trung Quoc',7000)
INSERT INTO SANPHAM VALUES('BB03','But bi','hop','Thai Lan',100000)
INSERT INTO SANPHAM VALUES('TV01','Tap 100 giay mong','quyen','Trung Quoc',2500)
INSERT INTO SANPHAM VALUES('TV02','Tap 200 giay mong','quyen','Trung Quoc',4500)
INSERT INTO SANPHAM VALUES('TV03','Tap 100 giay tot','quyen','Viet Nam',3000)
INSERT INTO SANPHAM VALUES('TV04','Tap 200 giay tot','quyen','Viet Nam',5500)
INSERT INTO SANPHAM VALUES('TV05','Tap 100 trang','chuc','Viet Nam',23000)
INSERT INTO SANPHAM VALUES('TV06','Tap 200 trang','chuc','Viet Nam',53000)
INSERT INTO SANPHAM VALUES('TV07','Tap 100 trang','chuc','Trung Quoc',34000)
INSERT INTO SANPHAM VALUES('ST01','So tay 500 trang','quyen','Trung Quoc',40000)
INSERT INTO SANPHAM VALUES('ST02','So tay loai 1','quyen','Viet Nam',55000)
INSERT INTO SANPHAM VALUES('ST03','So tay loai 2','quyen','Viet Nam',51000)
INSERT INTO SANPHAM VALUES('ST04','So tay','quyen','Thai Lan',55000)
INSERT INTO SANPHAM VALUES('ST05','So tay mong','quyen','Thai Lan',20000)
INSERT INTO SANPHAM VALUES('ST06','Phan viet bang','hop','Viet Nam',5000)
INSERT INTO SANPHAM VALUES('ST07','Phan khong bui','hop','Viet Nam',7000)
INSERT INTO SANPHAM VALUES('ST08','Bong bang','cai','Viet Nam',1000)
INSERT INTO SANPHAM VALUES('ST09','But long','cay','Viet Nam',5000)
INSERT INTO SANPHAM VALUES('ST10','But long','cay','Trung Quoc',7000)


SELECT *FROM HOADON;


INSERT INTO HOADON VALUES (1001,'23/07/2006','KH01','NV01',320000)
INSERT INTO HOADON VALUES (1002,'12/08/2006','KH01','NV02',840000)
INSERT INTO HOADON VALUES (1003,'23/08/2006','KH02','NV01',100000)
INSERT INTO HOADON VALUES (1004,'01/09/2006','KH02','NV01',180000)
INSERT INTO HOADON VALUES (1005,'20/10/2006','KH01','NV02',3800000)
INSERT INTO HOADON VALUES (1006,'16/10/2006','KH01','NV03',2430000)
INSERT INTO HOADON VALUES (1007,'28/10/2006','KH03','NV03',510000)
INSERT INTO HOADON VALUES (1008,'28/10/2006','KH01','NV03',440000)
INSERT INTO HOADON VALUES (1009,'28/10/2006','KH03','NV04',200000)
INSERT INTO HOADON VALUES (1010,'01/11/2006','KH01','NV01',5200000)
INSERT INTO HOADON VALUES (1011,'04/11/2006','KH04','NV03',250000)
INSERT INTO HOADON VALUES (1012,'30/11/2006','KH05','NV03',21000)
INSERT INTO HOADON VALUES (1013,'12/12/2006','KH06','NV01',5000)
INSERT INTO HOADON VALUES (1014,'31/12/2006','KH03','NV02',3150000)
INSERT INTO HOADON VALUES (1015,'01/01/2007','KH06','NV01',910000)
INSERT INTO HOADON VALUES (1016,'01/01/2007','KH07','NV02',12500)
INSERT INTO HOADON VALUES (1017,'02/01/2007','KH08','NV03',35000)
INSERT INTO HOADON VALUES (1018,'13/01/2007','KH08','NV03',330000)
INSERT INTO HOADON VALUES (1019,'13/01/2007','KH01','NV03',30000)
INSERT INTO HOADON VALUES (1020,'14/01/2007','KH09','NV04',70000)
INSERT INTO HOADON VALUES (1021,'16/01/2007','KH10','NV03',67500)
INSERT INTO HOADON VALUES (1022,'16/01/2007','Null','NV03',7000)
INSERT INTO HOADON VALUES (1023,'17/01/2007','Null','NV01',330000)

SELECT *FROM CTHD;

INSERT INTO CTHD VALUES(1001,'TV02',10)
INSERT INTO CTHD VALUES(1001,'ST01',5)
INSERT INTO CTHD VALUES(1001,'BC01',5)
INSERT INTO CTHD VALUES(1001,'BC02',10)
INSERT INTO CTHD VALUES(1001,'ST08',10)
INSERT INTO CTHD VALUES(1002,'BC04',20)
INSERT INTO CTHD VALUES(1002,'BB01',20)
INSERT INTO CTHD VALUES(1002,'BB02',20)
INSERT INTO CTHD VALUES(1003,'BB03',10)
INSERT INTO CTHD VALUES(1004,'TV01',20)
INSERT INTO CTHD VALUES(1004,'TV02',10)
INSERT INTO CTHD VALUES(1004,'TV03',10)
INSERT INTO CTHD VALUES(1004,'TV04',10)
INSERT INTO CTHD VALUES(1005,'TV05',50)
INSERT INTO CTHD VALUES(1005,'TV06',50)
INSERT INTO CTHD VALUES(1006,'TV07',20)
INSERT INTO CTHD VALUES(1006,'ST01',30)
INSERT INTO CTHD VALUES(1006,'ST02',10)
INSERT INTO CTHD VALUES(1007,'ST03',10)
INSERT INTO CTHD VALUES(1008,'ST04',8)
INSERT INTO CTHD VALUES(1009,'ST05',10)
INSERT INTO CTHD VALUES(1010,'TV07',50)
INSERT INTO CTHD VALUES(1010,'ST07',50)
INSERT INTO CTHD VALUES(1010,'ST08',100)
INSERT INTO CTHD VALUES(1010,'ST04',50)
INSERT INTO CTHD VALUES(1010,'TV03',100)
INSERT INTO CTHD VALUES(1011,'ST06',50)
INSERT INTO CTHD VALUES(1012,'ST07',3)
INSERT INTO CTHD VALUES(1013,'ST08',5)
INSERT INTO CTHD VALUES(1014,'BC02',80)
INSERT INTO CTHD VALUES(1014,'BB02',100)
INSERT INTO CTHD VALUES(1014,'BC04',60)
INSERT INTO CTHD VALUES(1014,'BB01',50)
INSERT INTO CTHD VALUES(1015,'BB02',30)
INSERT INTO CTHD VALUES(1015,'BB03',7)
INSERT INTO CTHD VALUES(1016,'TV01',5)
INSERT INTO CTHD VALUES(1017,'TV02',1)
INSERT INTO CTHD VALUES(1017,'TV03',1)
INSERT INTO CTHD VALUES(1017,'TV04',5)
INSERT INTO CTHD VALUES(1018,'ST04',6)
INSERT INTO CTHD VALUES(1019,'ST05',1)
INSERT INTO CTHD VALUES(1019,'ST06',2)
INSERT INTO CTHD VALUES(1020,'ST07',10)
INSERT INTO CTHD VALUES(1021,'ST08',5)
INSERT INTO CTHD VALUES(1021,'TV01',7)
INSERT INTO CTHD VALUES(1021,'TV02',10)
INSERT INTO CTHD VALUES(1022,'ST07',1)
INSERT INTO CTHD VALUES(1023,'ST04',6)



-----PHAN2 CAU2.Tạo quan hệ SANPHAM1 chứa toàn bộ dữ liệu của quan hệ SANPHAM. Tạo quan hệ KHACHHANG1 chứa toàn bộ dữ liệu của quan hệ KHACHHANG----

SELECT* INTO SANPHAM1 FROM SANPHAM;
SELECT *FROM SANPHAM1;

SELECT* INTO KHACHHANG1 FROM KHACHHANG;
SELECT *FROM KHACHHANG1;

----PHAN 2 CAU3.	Cập nhật giá tăng 5% đối với những sản phẩm do “Thai Lan” sản xuất (cho quan hệ SANPHAM1)
UPDATE SANPHAM1 SET GIA+=GIA*0.05 WHERE NUOCSX='Thai Lan';

----phan 2 cau4.4.	Cập nhật giá giảm 5% đối với những sản phẩm do “Trung Quoc” sản xuất có giá từ 10.000 trở xuống (cho quan hệ SANPHAM1).
UPDATE SANPHAM1 SET GIA-=GIA*0.05 WHERE (NUOCSX='Trung Quoc' AND GIA<=10000);

----PHAN 2. CAU5.	Cập nhật giá trị LOAIKH là “Vip” đối với những khách hàng đăng ký thành viên trước ngày 1/1/2007 có doanh số từ 10.000.000 trở lên hoặc khách hàng đăng ký thành viên từ 1/1/2007 trở về sau có doanh số từ 2.000.000 trở lên (cho quan hệ KHACHHANG1).
UPDATE KHACHHANG1 SET LOAIKH='VIP' WHERE ((NGDK<='1/1/2007' AND  DOANHSO>=10000000) OR (NGDK>='1/1/2007' AND DOANHSO>=2000000))

---PHAN 3 
--CAU1: 1.	In ra danh sách các sản phẩm (MASP,TENSP) do “Trung Quoc” sản xuất.
--SELECT SODT FROM KHACHHANG1 WHERE MAKH='KH01';
SELECT MASP,TENSP FROM SANPHAM WHERE NUOCSX='Trung Quoc';
--cau 2 In ra danh sách các sản phẩm (MASP, TENSP) có đơn vị tính là “cay”, ”quyen”.
SELECT MASP,TENSP FROM SANPHAM WHERE (DVT='cay' or DVT='quyen');
---cau 3  In ra danh sách các sản phẩm (MASP,TENSP) có mã sản phẩm bắt đầu là “B” và kết thúc là “01”.
SELECT MASP,TENSP FROM SANPHAM WHERE MASP LIKE 'B%01';
---cau4 4.	In ra danh sách các sản phẩm (MASP,TENSP) do “Trung Quốc” sản xuất có giá từ 30.000 đến 40.000.
SELECT MASP,TENSP FROM SANPHAM WHERE (NUOCSX='Trung Quoc' and GIA>=30000 and GIA<=40000); ---and GIA BETWEEN 30000 AND 40000
--CAU5 5.	In ra danh sách các sản phẩm (MASP,TENSP) do “Trung Quoc” hoặc “Thai Lan” sản xuất có giá từ 30.000 đến 40.000.
SELECT MASP,TENSP FROM SANPHAM WHERE (NUOCSX IN ('Trung Quoc','Thai Lan') and  GIA BETWEEN 30000 AND 40000);
--CAU6: 6.	In ra các số hóa đơn, trị giá hóa đơn bán ra trong ngày 1/1/2007 và ngày 2/1/2007.
SELECT *FROM HOADON;
SELECT SOHD,TRIGIA FROM HOADON WHERE NGHD IN('1/1/2007','2/1/2007');
--CAU7: 7.	In ra các số hóa đơn, trị giá hóa đơn trong tháng 1/2007, sắp xếp theo ngày (tăng dần) và trị giá của hóa đơn (giảm dần).
SELECT SOHD,TRIGIA FROM HOADON WHERE MONTH(NGHD)='1' AND YEAR(NGHD)='2007' ORDER BY NGHD ASC , TRIGIA DESC;
---cau8: 8.	In ra danh sách các khách hàng (MAKH, HOTEN) đã mua hàng trong ngày 1/1/2007.
SELECT KHACHHANG.MAKH,HOTEN FROM KHACHHANG INNER JOIN  HOADON ON KHACHHANG.MAKH=HOADON.MAKH WHERE NGHD='1/1/2007';
---CAU9: 9.	In ra số hóa đơn, trị giá các hóa đơn do nhân viên có tên “Nguyen Van B” lập trong ngày 28/10/2006.
SELECT SOHD,TRIGIA 
FROM HOADON  
INNER JOIN NHANVIEN 
ON HOADON.MANV=NHANVIEN.MANV 
WHERE (HOTEN='Nguyen Van B' AND NGHD='28/10/2006');

--CAU10: 10.	In ra danh sách các sản phẩm (MASP,TENSP) được khách hàng có tên “Nguyen Van A” mua trong tháng 10/2006.
SELECT SANPHAM.MASP,TENSP 
FROM SANPHAM 
INNER JOIN (KHACHHANG 
	INNER JOIN (HOADON 
		INNER JOIN CTHD
		ON CTHD.SOHD=HOADON.SOHD) 
	ON KHACHHANG.MAKH=HOADON.MAKH)
ON SANPHAM.MASP=CTHD.MASP
WHERE (HOTEN='Nguyen Van A' and MONTH(NGHD)='10' AND YEAR(NGHD)='2006');

--CAU 11:Tìm các số hóa đơn đã mua sản phẩm có mã số “BB01” hoặc “BB02”.
SELECT SOHD FROM CTHD WHERE MASP IN ('BB01','BB02');

--CAU 12:Tìm các số hóa đơn đã mua sản phẩm có mã số “BB01” hoặc “BB02”, mỗi sản phẩm mua với số lượng từ 10 đến 20.
SELECT DISTINCT SOHD FROM CTHD  
WHERE MASP IN ('BB01','BB02') AND SL BETWEEN 10 AND 20
--CAU 13 Tìm các số hóa đơn mua cùng lúc 2 sản phẩm có mã số “BB01” và “BB02”, mỗi sản phẩm mua với số lượng từ 10 đến 20.
(SELECT DISTINCT SOHD FROM CTHD WHERE MASP='BB01' AND SL BETWEEN 10 AND 20)
INTERSECT 
(SELECT DISTINCT SOHD FROM CTHD WHERE MASP='BB02' AND SL BETWEEN 10 AND 20)

--cau 14: In ra danh sách các sản phẩm (MASP,TENSP) do “Trung Quoc” sản xuất hoặc các sản phẩm được bán ra trong ngày 1/1/2007.

SELECT SANPHAM.MASP,TENSP FROM (SANPHAM INNER JOIN ( CTHD  INNER JOIN HOADON ON HOADON.SOHD=CTHD.SOHD) ON SANPHAM.MASP=CTHD.MASP)  WHERE NUOCSX='Trung Quoc' OR NGHD='1/1/2007'

--CAU15: In ra danh sách các sản phẩm (MASP,TENSP) không bán được.
SELECT A.MASP,TENSP FROM SANPHAM AS A  WHERE NOT EXISTS (SELECT * FROM SANPHAM AS B INNER JOIN CTHD ON CTHD.MASP=B.MASP AND B.MASP=A.MASP)


--CAU 16:In ra danh sách các sản phẩm (MASP,TENSP) không bán được trong năm 2006.
SELECT A.MASP,TENSP FROM SANPHAM AS A  WHERE a.MASP NOT IN (SELECT B.MASP FROM CTHD AS B INNER JOIN HOADON AS H ON H.SOHD=B.SOHD WHERE YEAR(NGHD)='2006')

--CAU17: In ra danh sách các sản phẩm (MASP,TENSP) do “Trung Quoc” sản xuất không bán được trong năm 2006
SELECT A.MASP,TENSP FROM SANPHAM AS A  WHERE a.MASP NOT IN (SELECT B.MASP FROM CTHD AS B INNER JOIN HOADON AS H ON H.SOHD=B.SOHD WHERE YEAR(NGHD)='2006' AND NUOCSX='Trung Quoc')

--cau 18: 18.	Tìm số hóa đơn đã mua tất cả các sản phẩm do Singapore sản xuất.
SELECT A.SOHD FROM HOADON AS A 
WHERE NOT EXISTS (SELECT * FROM SANPHAM AS C WHERE NUOCSX='Singapore' 
AND NOT EXISTS (SELECT * FROM CTHD AS D WHERE A.SOHD=D.SOHD AND C.MASP=D.MASP) )

--CAU 19: Tìm số hóa đơn trong năm 2006 đã mua ít nhất tất cả các sản phẩm do Singapore sản xuất.

SELECT H.SOHD FROM HOADON H WHERE YEAR(NGHD)=2006 AND NOT EXISTS 
(
	SELECT *FROM SANPHAM S WHERE NUOCSX='Singapore' AND NOT EXISTS 
	(
		SELECT *FROM CTHD C WHERE C.MASP=S.MASP AND C.SOHD=H.SOHD
	)
)


-------------LAB4-----------------------------------------------------------------------------------------------------------------------------------------------------
---PHAN3:
--20.	Có bao nhiêu hóa đơn không phải của khách hàng đăng ký thành viên mua?
SELECT COUNT(SOHD) 
FROM HOADON,KHACHHANG
WHERE (HOADON.MAKH=KHACHHANG.MAKH AND NGDK>NGHD);


--21.	Có bao nhiêu sản phẩm khác nhau được bán ra trong năm 2006.
SELECT COUNT(DISTINCT MASP)
FROM CTHD,HOADON
WHERE (CTHD.SOHD=HOADON.SOHD AND YEAR(NGHD)=2006);

--22.	Cho biết trị giá hóa đơn cao nhất, thấp nhất là bao nhiêu ?
SELECT MIN(TRIGIA) AS LuongMin, MAX(TRIGIA) AS LuongMax
FROM HOADON;

--23.	Trị giá trung bình của tất cả các hóa đơn được bán ra trong năm 2006 là bao nhiêu?
SELECT AVG(TRIGIA) AS TRUNGBINH
FROM HOADON
WHERE (YEAR(NGHD)=2006);

--24.	Tính doanh thu bán hàng trong năm 2006.
SELECT SUM(TRIGIA) AS DOANHTHU
FROM HOADON
WHERE YEAR(NGHD)=2006;

--25.	Tìm số hóa đơn có trị giá cao nhất trong năm 2006.
SELECT SOHD 
FROM HOADON 
WHERE TRIGIA=(SELECT MAX(TRIGIA) FROM HOADON);

--26.	Tìm họ tên khách hàng đã mua hóa đơn có trị giá cao nhất trong năm 2006.
SELECT HOTEN
FROM KHACHHANG,HOADON
WHERE (KHACHHANG.MAKH=HOADON.MAKH AND TRIGIA=(SELECT MAX(TRIGIA) FROM HOADON WHERE YEAR(NGHD)=2006));

--27.	In ra danh sách 3 khách hàng đầu tiên (MAKH, HOTEN) sắp xếp theo doanh số giảm dần.
SELECT TOP 3 MAKH,HOTEN 
FROM KHACHHANG
ORDER BY DOANHSO DESC;


--28.	In ra danh sách các sản phẩm (MASP, TENSP) có giá bán bằng 1 trong 3 mức giá cao nhất.
SELECT MASP,TENSP 
FROM SANPHAM
WHERE GIA IN 
( 
	SELECT DISTINCT TOP 3 GIA 
	FROM SANPHAM
	ORDER BY GIA DESC   --ASC??
);


--29.	In ra danh sách các sản phẩm (MASP, TENSP) do “Thai Lan” sản xuất có giá bằng 1 trong 3 mức giá cao nhất (của tất cả các sản phẩm).
SELECT MASP,TENSP 
FROM SANPHAM
WHERE (NUOCSX='Thai Lan' AND GIA IN 
( 
	SELECT DISTINCT TOP 3 GIA 
	FROM SANPHAM
	ORDER BY GIA DESC
));


--30.	In ra danh sách các sản phẩm (MASP, TENSP) do “Trung Quoc” sản xuất có giá bằng 1 trong 3 mức giá cao nhất (của sản phẩm do “Trung Quoc” sản xuất).
SELECT MASP,TENSP 
FROM SANPHAM
WHERE (NUOCSX='Trung Quoc' AND GIA IN 
( 
	SELECT DISTINCT TOP 3 GIA 
	FROM SANPHAM
	WHERE NUOCSX='Trung Quoc'
	ORDER BY GIA DESC
));

--31.	* In ra danh sách khách hàng nằm trong 3 hạng cao nhất (xếp hạng theo doanh số).
SELECT TOP 3 MAKH, HOTEN
FROM KHACHHANG 
ORDER BY DOANHSO DESC;

--32.	Tính tổng số sản phẩm do “Trung Quoc” sản xuất.
SELECT COUNT(DISTINCT MASP) 
FROM SANPHAM
WHERE NUOCSX='Trung Quoc';

--33.	Tính tổng số sản phẩm của từng nước sản xuất.
SELECT NUOCSX, COUNT(DISTINCT MASP) AS TONGSO
FROM SANPHAM
GROUP BY NUOCSX;

--34.	Với từng nước sản xuất, tìm giá bán cao nhất, thấp nhất, trung bình của các sản phẩm.
SELECT NUOCSX,MIN(GIA) AS GIA_MIN, MAX(GIA) AS GIA_MAX, AVG(GIA) AS GIA_TRUNGBINH
FROM SANPHAM
GROUP BY NUOCSX;

--35.	Tính doanh thu bán hàng mỗi ngày.
SELECT NGHD, SUM(TRIGIA) AS DOANHTHU
FROM HOADON
GROUP BY NGHD;

--36.	Tính tổng số lượng của từng sản phẩm bán ra trong tháng 10/2006.
SELECT MASP, SUM(SL) AS SOLUONG
FROM CTHD,HOADON
WHERE (HOADON.SOHD=CTHD.SOHD AND MONTH(NGHD)=10 AND YEAR(NGHD)=2006)
GROUP BY MASP;

--37.	Tính doanh thu bán hàng của từng tháng trong năm 2006.
SELECT MONTH(NGHD) AS THANG, SUM(TRIGIA) AS DOANHTHU
FROM HOADON
WHERE YEAR(NGHD)=2006
GROUP BY MONTH(NGHD)

--38.	Tìm hóa đơn có mua ít nhất 4 sản phẩm khác nhau.
SELECT SOHD, COUNT(DISTINCT MASP) AS TONGSP 
FROM CTHD 
GROUP BY SOHD 
HAVING COUNT(DISTINCT MASP)>=4 

--39.	Tìm hóa đơn có mua 3 sản phẩm do “Viet Nam” sản xuất (3 sản phẩm khác nhau).
SELECT SOHD, COUNT(DISTINCT CTHD.MASP) AS TONGSP 
FROM CTHD , SANPHAM
WHERE SANPHAM.MASP=CTHD.MASP AND NUOCSX='Viet Nam'
GROUP BY SOHD 
HAVING COUNT(DISTINCT CTHD.MASP)=3


--40.	Tìm khách hàng (MAKH, HOTEN) có số lần mua hàng nhiều nhất. 
SELECT MAKH,HOTEN
FROM KHACHHANG
WHERE MAKH =
( SELECT TOP 1 MAKH
FROM HOADON
GROUP BY MAKH
ORDER BY COUNT(DISTINCT SOHD) DESC)

--41.	Tháng mấy trong năm 2006, doanh số bán hàng cao nhất ?
SELECT DISTINCT MONTH(NGHD) AS THANGDOANHSO_MAX
FROM HOADON 
WHERE MONTH(NGHD)=
(
	SELECT TOP 1 MONTH(NGHD)
	FROM HOADON
	WHERE YEAR(NGHD)=2006
	GROUP BY MONTH(NGHD)
	ORDER BY SUM(TRIGIA) DESC
)


--42.	Tìm sản phẩm (MASP, TENSP) có tổng số lượng bán ra thấp nhất trong năm 2006.
SELECT MASP,TENSP
FROM SANPHAM
WHERE MASP IN 
(
	SELECT TOP 1 MASP 
	FROM CTHD,HOADON
	WHERE CTHD.SOHD=HOADON.SOHD AND YEAR(NGHD)=2006
	GROUP BY MASP
	ORDER BY SUM(SL) ASC
)

--43.	*Mỗi nước sản xuất, tìm sản phẩm (MASP,TENSP) có giá bán cao nhất.
SELECT B.NUOCSX,MASP,TENSP 
FROM
(
	SELECT  NUOCSX, MAX(GIA) AS MAX_GIA
	FROM SANPHAM 
	GROUP BY NUOCSX
) AS B 
LEFT JOIN SANPHAM ON B.MAX_GIA=SANPHAM.GIA
WHERE B.NUOCSX=SANPHAM.NUOCSX




--44.	Tìm nước sản xuất sản xuất ít nhất 3 sản phẩm có giá bán khác nhau.
SELECT NUOCSX, COUNT(DISTINCT GIA) AS SP_GIA_KHAC_NHAU
FROM SANPHAM
GROUP BY NUOCSX
HAVING COUNT(DISTINCT GIA)>=3

--45.	*Trong 10 khách hàng có doanh số cao nhất, tìm khách hàng có số lần mua hàng nhiều nhất.
SELECT TOP 1 MAKH , COUNT(SOHD)
FROM HOADON
WHERE MAKH IN (
	SELECT TOP 10 MAKH 
	FROM KHACHHANG
	ORDER BY DOANHSO DESC
)
GROUP BY MAKH
ORDER BY COUNT(SOHD) DESC



--Phan 1 -TRIGGER
--11.	Ngày mua hàng (NGHD) của một khách hàng thành viên sẽ lớn hơn hoặc bằng ngày khách hàng đó đăng ký thành viên (NGDK).
CREATE TRIGGER TRG_INS_HD ON HOADON
FOR INSERT 
AS 
BEGIN
	DECLARE @NGHD SMALLDATETIME, @MAKH CHAR(4), @NGDK SMALLDATETIME

	SELECT @NGHD=NGHD, @MAKH=MAKH
	FROM INSERTED

	SELECT @NGDK=NGDK
	FROM KHACHHANG

	WHERE MAKH=@MAKH
	IF(@NGHD<@NGDK)
	BEGIN 
		PRINT 'LOI: NGHD KHONG HOP LE'
		ROLLBACK TRANSACTION
	END
	ELSE
	BEGIN
		PRINT 'THEM MOI MOT HOA DON THANH CONG'
	END
END

---------------------------------------

CREATE TRIGGER TRG_UD_HD ON HOADON
FOR UPDATE
AS 
BEGIN
	DECLARE @NGHD SMALLDATETIME, @MAKH CHAR(4), @NGDK SMALLDATETIME

	SELECT @NGHD=NGHD, @MAKH=MAKH
	FROM INSERTED

	SELECT @NGDK=NGDK
	FROM KHACHHANG

	WHERE MAKH=@MAKH
	IF(@NGHD<@NGDK)
	BEGIN 
		PRINT 'LOI: NGHD KHONG HOP LE'
		ROLLBACK TRANSACTION
	END
	ELSE
	BEGIN
		PRINT 'THEM MOI MOT HOA DON THANH CONG'
	END
END

--------------
create TRIGGER TRG_UPD_kh on KHACHHANG
FOR UPDATE
AS
BEGIN
	DECLARE @NGDK SMALLDATETIME, @MAKH CHAR(4), @NGHD SMALLDATETIME
	
	SELECT @NGDK =NGDK, @MAKH=MAKH
	FROM INSERTED

	SELECT @NGHD=NGHD
	FROM HOADON

	WHERE MAKH=@MAKH
	IF(@NGHD<@NGDK)
	BEGIN
		ROLLBACK
	END
END
			




--12.	Ngày bán hàng (NGHD) của một nhân viên phải lớn hơn hoặc bằng ngày nhân viên đó vào làm.


CREATE TRIGGER trg1_ins_ud_hd ON HOADON
FOR INSERT , UPDATE
AS 
BEGIN
	DECLARE @NGHD SMALLDATETIME, @MANV CHAR(4) , @NGVL SMALLDATETIME

	SELECT @NGHD=NGHD, @MANV=MANV
	FROM INSERTED

	SELECT @NGVL = NGVL
	FROM NHANVIEN

	WHERE MANV=@MANV
	IF(@NGHD<@NGVL)
	BEGIN 
		PRINT 'LOI: NGBH KHONG HOP LE'
		ROLLBACK TRANSACTION 
	END
	ELSE
	BEGIN
		PRINT 'THEM HOA DON THANH CONG'
	END
END

------------------

create TRIGGER TRG_UPD_NV on NHANVIEN
FOR UPDATE
AS
BEGIN
	IF(EXISTS (SELECT *FROM INSERTED AS A INNER JOIN HOADON ON A.MANV=HOADON.MANV WHERE (NGHD>=NGVL)))
	BEGIN
		PRINT ' NHAN VIEN CHINH SUA HOP LE'
	END
	ELSE 
	BEGIN
		PRINT 'LOI: NHAN VIEN CO NGVL KHONG HOP LE'
		ROLLBACK
	END
END



--13.	Mỗi một hóa đơn phải có ít nhất một chi tiết hóa đơn.


--14.	Trị giá của một hóa đơn là tổng thành tiền (số lượng*đơn giá) của các chi tiết thuộc hóa đơn đó.

CREATE TRIGGER TRG2_INS_UP_HOADON ON HOADON
FOR INSERT, UPDATE
AS
BEGIN
	IF(EXISTS (
		SELECT *FROM INSERTED AS A INNER JOIN (CTHD INNER JOIN SANPHAM ON CTHD.MASP=SANPHAM.MASP) ON A.SOHD=CTHD.SOHD
		WHERE SL*GIA =TRIGIA
	))
	BEGIN
		PRINT 'HOA DON HOP LE'
	END
	ELSE
	BEGIN
		PRINT 'LOI: HOA DON KHONG HOP LE '
		ROLLBACK
	END
END

--UPDATE CTHD
--SET SL = 10
--WHERE SOHD =1012
--SELECT *FROM CTHD WHERE SOHD =1012
CREATE TRIGGER TRG_INS_UP_DL_CTHD ON CTHD
FOR INSERT,UPDATE,DELETE
AS 
BEGIN
	IF(EXISTS (
		SELECT*FROM HOADON INNER JOIN (INSERTED AS A INNER JOIN SANPHAM ON A.MASP=SANPHAM.MASP) ON HOADON.SOHD=A.SOHD
		WHERE SL*GIA =TRIGIA
	))
	BEGIN 
		PRINT 'CTHD HOP LE'
	END
	ELSE
	BEGIN
		PRINT 'LOI: CTHD BI LOI '
		ROLLBACK
	END
END 